מזהים,שם החלק,חומר,עובי,אורך,רוחב,כמות,קנט,חיתוך,"שטח מ""ר (סה""כ)"
F1,חזית S עליונה (גג+עמוד שמאל+מעקה),MDF/סנדוויץ׳ לבן 18,18,1976,978,1,מסביב,CNC (קובץ DXF),1.262
F2,חזית S תחתונה (סף+עמוד ימין),MDF/סנדוויץ׳ לבן 18,18,1976,972,1,מסביב,CNC (קובץ DXF),0.776
F3,מילוי חזית שמאלי (עץ),מלמין אלון 18,18,692,390,1,מסביב,מסור,0.27
N1,שלט 01,אקריליק/MDF 6 צבוע,6,190,160,1,-,CNC (קובץ DXF),0.03
N2,שלט 02,אקריליק/MDF 6 צבוע,6,190,160,1,-,CNC (קובץ DXF),0.03
S1,דופן שמאל,מלמין אלון 18,18,1950,940,1,צד ארוך אחד,מסור,1.833
S2,דופן ימין (פתח כניסה),מלמין אלון 18,18,1950,940,1,מסביב,CNC (קובץ DXF),1.444
RF,גג,MDF/סנדוויץ׳ לבן 18,18,1940,940,1,צד ארוך אחד,מסור,1.824
UD,רצפת מיטה עליונה,מלמין אלון 18,18,1940,940,1,צד ארוך אחד,מסור,1.824
LD,רצפת מיטה תחתונה,מלמין אלון 18,18,1940,940,1,צד ארוך אחד,מסור,1.824
B1 B2 B3,קורת בסיס,מלמין אלון 18,18,1940,182,3,-,מסור,1.059
K1 K2,צלע חיזוק מתחת לרצפה עליונה,מלמין אלון 18,18,1940,100,2,-,מסור,0.388
BK1,גב תחתון,HDF/מלמין אלון 9,9,1976,1032,1,-,מסור,2.039
BK2,גב עליון,HDF/מלמין אלון 9,9,1976,918,1,-,מסור,1.814
US,מדף אחורי upper,מלמין אלון 18,18,1940,200,1,צד ארוך אחד,מסור,0.388
UD1 UD2 UD3,מחיצת מדף upper,מלמין אלון 18,18,264,200,3,צד ארוך אחד,מסור,0.158
UP,תומך מדף upper,מלמין אלון 18,18,600,200,1,צד ארוך אחד,מסור,0.12
LS,מדף אחורי lower,מלמין אלון 18,18,1940,150,1,צד ארוך אחד,מסור,0.291
LD1 LD2 LD3,מחיצת מדף lower,מלמין אלון 18,18,180,150,3,צד ארוך אחד,מסור,0.081
LP,תומך מדף lower,מלמין אלון 18,18,520,150,1,צד ארוך אחד,מסור,0.078
SW0 SW1,מחיצת מדרגות,מלמין אלון 18,18,822,432,2,צד ארוך אחד,מסור,0.71
SW2,מחיצת מדרגות,מלמין אלון 18,18,612,432,1,צד ארוך אחד,מסור,0.264
SW3,מחיצת מדרגות,מלמין אלון 18,18,432,402,1,צד ארוך אחד,מסור,0.174
SW4,מחיצת מדרגות,מלמין אלון 18,18,432,192,1,צד ארוך אחד,מסור,0.083
ST0,שלב מדרגה 4,מלמין אלון 18,18,432,260,1,צד ארוך אחד,מסור,0.112
ST1,שלב מדרגה 3,מלמין אלון 18,18,432,260,1,צד ארוך אחד,מסור,0.112
ST2,שלב מדרגה 2,מלמין אלון 18,18,432,260,1,צד ארוך אחד,מסור,0.112
ST3,שלב מדרגה 1,מלמין אלון 18,18,432,242,1,צד ארוך אחד,מסור,0.105
SG,מעקה/דופן מדרגות לבן,MDF/סנדוויץ׳ לבן 18,18,1224,1040,1,מסביב,CNC (קובץ DXF),0.824
DF0,חזית מגירה 4,מלמין אלון 18,18,810,238,1,מסביב,מסור,0.193
DS0L DS0R DS1L DS1R DS2L DS2R,דופן מגירה,מלמין לבן 15,15,350,250,6,צד ארוך אחד,מסור,0.525
DI0 DK0 DI1 DK1 DI2 DK2,חזית/גב פנימי מגירה,מלמין לבן 15,15,250,186,6,צד ארוך אחד,מסור,0.279
DB0 DB1 DB2,תחתית מגירה,HDF 6,6,350,216,3,-,מסור,0.227
DF1,חזית מגירה 3,מלמין אלון 18,18,600,238,1,מסביב,מסור,0.143
DF2,חזית מגירה 2,מלמין אלון 18,18,390,238,1,מסביב,מסור,0.093
DF3,חזית מגירה 1,מלמין אלון 18,18,220,180,1,מסביב,מסור,0.04
DS3L DS3R,דופן מגירה,מלמין לבן 15,15,350,132,2,צד ארוך אחד,מסור,0.092
DI3 DK3,חזית/גב פנימי מגירה,מלמין לבן 15,15,168,132,2,צד ארוך אחד,מסור,0.044
DB3,תחתית מגירה,HDF 6,6,350,198,1,-,מסור,0.069
