פריט,כמות,הערה
ברגי קונפירמט 7x50,112,הערכה: 4 לכל חלק גוף
ברגי סיני 4x30 לחיבור החזית מאחור,32,"כל 25 ס""מ"
ברגי גב 3.5x16 / סיכות,106,"כל 15 ס""מ"
מסילות טלסקופיות טריקה שקטה (זוג),4,"אורכים: 350, 350, 350, 150 מ""מ"
ידיות כפתור,4,
פס LED 12V + פרופיל אלומיניום + מפזר (מטר),5.8,לאורך הפינות הפנימיות של ה-S
ספק 12V 36W + מתג/שלט,1,
"מוט וילון עליון (מ""מ)",1618,
"מוט וילון תחתון (מ""מ)",1266,
תושבת עיגון לקיר נגד התהפכות,2,חובה
רגליות פילוס,6,
"קנט PVC לבן/אלון 1 מ""מ (מטר)",60.6,כולל 10% פחת
